,model,recall_score,accuracy_score
0,logreg_notadjusted,56.9593147751606,79.67064168086314
1,logreg_smote,79.01498929336188,74.67348097671777
2,logreg_nearmiss,79.44325481798715,65.87166382737081
