,model,recall_score,accuracy_score
0,rfc_notadjusted,50.74946466809421,79.32992617830777
1,rfc_smote,52.24839400428265,79.38671209540034
2,rfc_nearmiss,69.37901498929337,57.921635434412266
